Gen, Length,  Kommenda,   Fitness,   Length,  Kommenda,  Fitness,   Time Left,  Front Size
0,39.3,1.275E+018,553200000000,7,13,0.1243,   7.88s,0
1,7.185,1376,66070,5,21,0.1026,   1.47m,0
2,5.405,813.8,324.5,15,419,0.0984,   1.39m,0
3,9.715,7782,187.9,17,1413,0.06185,   1.04m,0
4,13.7,11300000,114400,15,445,0.05817,   47.85s,0
5,17.07,388800000,4283,9,21,0.056,   41.40s,0
6,17.42,1480000000,1129000,29,35410,0.03702,   36.81s,0
7,21.77,2590000000,336.2,27,22990,0.02975,   29.77s,0
8,25.02,592000000000,379.6,27,22990,0.02975,   42.08s,0
9,27.8,1817000000,34640,27,22990,0.02975,   39.55s,0
10,28.28,2081000000,1290,27,22990,0.02975,   36.89s,0
11,27.96,1258000000000,875,27,22990,0.02975,   33.13s,0
12,27.45,370400000,3100,27,22990,0.02975,   30.95s,0
13,27.94,11960000000000,29340,23,556,0.02966,   31.82s,0
14,28.57,279400000000,68.83,21,622,0.02675,   30.47s,0
15,28.86,78990000000,3523,21,622,0.02675,   26.19s,0
16,28.93,20810000000,70.53,21,484,0.0216,   23.29s,0
17,26.21,6064000000,154.2,21,484,0.0216,   18.19s,0
18,25.16,3068000000,2788,33,16490,0.01914,   21.78s,0
19,25.32,9445000000,66,21,484,0.01966,   21.38s,0
20,23.11,11990000,19380,21,484,0.01966,   16.50s,0
21,23.86,7054000,9.855,23,1236,0.01941,   11.20s,0
22,24.36,4042000000,61.37,23,1236,0.01892,   7.17s,0
23,26.49,1877000000,177.2,57,2610000,0.01799,   3.28s,0
24,29.5,225700000,20.51,23,1236,0.01892,   0.00s,0
25,30.87,38400000,181.9,49,319700,0.01828,   1.39m,0
26,34.04,15350000000,699600,53,545700,0.01775,   1.40m,0
27,36.98,532800000,320,53,545700,0.01775,   1.40m,0
28,38.34,1907000000000000,97240,53,545700,0.01775,   1.26m,0
29,42.2,5503000000,44.18,51,749400,0.01674,   1.07m,0
30,45.58,3029000000,1074,85,321200000,0.0146,   56.24s,0
31,45.44,5903000000000,153.3,71,30500000,0.01441,   51.68s,0
32,49.43,4207000000,140300,61,2749000,0.01431,   49.93s,0
33,47.66,282400000000,304.4,61,2749000,0.01431,   48.08s,0
34,49.07,29520000000,626.5,61,2749000,0.01431,   47.71s,0
35,48.56,27560000000,103.1,89,923900000,0.01425,   44.51s,0
36,49.16,633600000000,14.72,55,2575000,0.01451,   34.35s,0
37,47.87,7444000000,10.97,109,27140000000,0.0145,   30.91s,0
38,49.07,9386000000000,6803,55,2575000,0.01451,   30.82s,0
39,49.83,15290000000,9058,97,1140000000,0.01414,   27.10s,0
40,49.02,28270000000000,21.49,97,1587000000,0.01322,   21.88s,0
41,48.76,35610000000,18,95,951300000,0.0132,   18.77s,0
42,50.7,20550000000,579.7,95,1696000000,0.01328,   17.88s,0
43,48.79,710800000000000,1627,95,1673000000,0.01344,   14.51s,0
44,49.38,336300000000,4316000,95,1673000000,0.01344,   12.80s,0
45,50.3,231000000000,296.4,101,2215000000,0.01414,   9.92s,0
46,48.38,101500000000000,39.16,51,295700,0.01353,   7.47s,0
47,44.8,3675000000,14.61,61,7054000,0.0123,   6.07s,0
48,44.81,54860000000,56.39,61,7054000,0.0122,   2.58s,0
49,46.79,978800000000,49.3,61,7054000,0.0122,   0.00s,0
50,47.38,36770000000,415.6,61,7054000,0.0122,   1.19m,0
51,48.23,4.966E+016,154.5,61,7054000,0.0122,   1.19m,0
52,46.98,1510000000,77.1,101,169100000,0.01219,   1.21m,0
53,47.77,2102000000,100.4,75,25760000,0.01223,   1.24m,0
54,47.32,214900000000,11050,53,157800,0.01149,   57.23s,0
55,46.74,161000000,23970,53,157800,0.01149,   1.13m,0
56,46.56,902600000,2171,53,163000,0.01139,   56.72s,0
57,45.14,283100000,124.5,53,163000,0.01139,   54.90s,0
58,44.9,345500000,4151,53,163000,0.01139,   51.98s,0
59,45.27,67750000,19.43,53,163000,0.01139,   52.62s,0
60,44.25,259400000,1252,53,163000,0.01139,   45.92s,0
61,44.98,31160000000,19480,53,205000,0.01136,   42.73s,0
62,45.16,614100000,3.315,59,414800,0.01143,   32.67s,0
63,44.87,82760000,23.34,37,7939,0.01165,   37.12s,0
64,44.35,65660000,2030,57,338700,0.01131,   35.10s,0
65,45.48,59300000,13.4,57,338700,0.01131,   30.72s,0
66,43.32,1514000000000,55070,69,3889000,0.01106,   25.35s,0
67,43.94,49230000,152.7,89,171800000,0.0114,   25.04s,0
68,45.52,92070000,42.71,51,120800,0.01134,   20.99s,0
69,43.92,41140000,76.99,53,252600,0.011,   17.25s,0
70,42.27,3911000000000,168.5,61,530500,0.01118,   15.79s,0
71,45.13,293400000,146.1,61,530500,0.01118,   10.27s,0
72,42.83,2503000000,2095,51,120800,0.01109,   7.40s,0
73,43.94,54060000,25.39,63,652900,0.01092,   4.07s,0
74,44.21,28180000,5.636,53,252600,0.011,   0.00s,0
75,44.47,37010000,19.1,53,252600,0.011,   1.59m,0
76,44.53,95810000,662.9,51,118000,0.0109,   1.28m,0
77,41,48440000,65.45,51,118000,0.01073,   1.34m,0
78,43.89,74970000000,824.8,51,118000,0.01081,   1.35m,0
79,42.09,141900000,24.89,51,118000,0.01081,   1.25m,0
80,43.62,27600000,1270,93,88460000,0.01076,   1.18m,0
81,44.17,25260000,7.987,89,716900000,0.01075,   1.20m,0
82,42.03,165300000,2514,67,248200,0.01073,   1.20m,0
83,43.96,1.436E+019,19.52,67,1808000,0.01077,   1.04m,0
84,43.7,21720000,204.3,69,2077000,0.01076,   1.02m,0
85,43.24,6760000000,24070,101,1233000000,0.01075,   54.39s,0
86,44.91,367700000,120500,71,12150000,0.01079,   49.85s,0
87,43.85,746500000,242.3,51,118000,0.01081,   43.09s,0
88,42.98,50110000,1896,101,1589000000,0.01073,   35.93s,0
89,41.05,12470000000,29610,55,237000,0.01078,   40.09s,0
90,44.07,277800000,24590,71,1162000,0.01066,   40.58s,0
91,39.84,7723000000,6171000,51,118000,0.01081,   32.13s,0
92,43.38,104400000,18.19,75,7887000,0.01075,   27.99s,0
93,41.84,71900000,17170,81,7999000,0.01049,   21.48s,0
94,42.54,147700000,51360,81,7999000,0.01036,   19.51s,0
95,39.33,15640000,510,71,573600,0.01023,   13.97s,0
96,39.6,16230000000,62290,47,24720,0.01081,   12.69s,0
97,39.72,7893000000,21.28,51,118000,0.01095,   8.81s,0
98,40.58,72910000,930.7,55,237000,0.01078,   4.15s,0
99,38.45,10310000,1899,55,237000,0.01078,   0.00s,0
100,42.39,20520000,29370,49,219000,0.01062,   1.76m,0
101,38.96,1571000000,8260,53,185400,0.01043,   1.52m,0
102,38.87,10950000,224800,51,118000,0.01095,   1.55m,0
103,38.12,10640000,287,51,118000,0.01095,   1.71m,0
104,37.31,21490000,7281,51,118000,0.0109,   1.57m,0
105,39.81,26800000,108400,51,118000,0.0109,   1.39m,0
106,39.69,23190000,24.91,51,118000,0.01055,   1.28m,0
107,40.33,19890000,2123,51,118000,0.01055,   1.37m,0
108,38.43,1002000000,144.4,51,104600,0.01036,   1.16m,0
109,40.01,14800000,10.79,51,118000,0.01055,   1.25m,0
110,36.87,4221000,30.75,39,18180,0.01094,   1.14m,0
111,39.35,12680000,18.75,39,18180,0.01094,   1.02m,0
112,36.65,29350000,428,39,18180,0.01094,   51.11s,0
113,37.08,476600000,7007,39,18180,0.01094,   44.24s,0
114,33.58,5940000,198.3,39,18180,0.01094,   40.97s,0
115,37.37,1635000,5631,39,18180,0.01094,   37.70s,0
116,35.97,1494000,27980,39,18180,0.01094,   28.90s,0
117,37.2,3048000000000,19.05,39,18180,0.01094,   30.22s,0
118,36.28,1.113E+016,2482,39,18180,0.01094,   24.73s,0
119,37.07,64540000,115.4,77,215600000,0.0109,   20.70s,0
120,36.07,1207000,547.2,39,18180,0.01094,   17.31s,0
121,36.97,61070000,245.5,39,18180,0.01094,   12.41s,0
122,36.11,201600000,81310,39,18180,0.01094,   8.37s,0
123,36.91,7001000,19.87,39,18180,0.01094,   4.21s,0
124,36.08,2327000,26.56,39,18180,0.01094,   0.00s,0
125,36.38,3764000,5442,39,18180,0.01094,   1.71m,0
126,37.5,7119000000,6973,39,18180,0.01094,   1.62m,0
127,37.29,1035000,17850,39,18180,0.01094,   1.41m,0
128,37.07,2260000,22.59,39,18180,0.01094,   1.47m,0
129,37.1,2146000,29.37,39,18180,0.01094,   1.35m,0
130,37.05,1991000,27.33,39,18180,0.01094,   1.30m,0
131,37.99,533600000,17720000000,39,18180,0.01094,   1.37m,0
132,37.91,1716000,56.85,39,18180,0.01094,   1.34m,0
133,37.55,4939000,57940,39,18180,0.01094,   1.11m,0
134,37.75,77690000,20.01,39,18180,0.01094,   1.18m,0
135,37.47,1703000,1013,39,18180,0.01094,   1.01m,0
136,38.73,1617000,116.2,39,18180,0.01094,   1.06m,0
137,38.23,30750000,247.3,39,18180,0.01094,   50.59s,0
138,37.02,2015000000000,27.86,39,18180,0.01094,   53.19s,0
139,39.54,4641000,98560,39,18180,0.01094,   46.21s,0
140,41.6,99140000,783,45,12640,0.01091,   39.31s,0
141,38.91,2340000,58.85,39,18180,0.01094,   26.40s,0
142,39.46,5416000,47.67,73,1744000,0.01086,   29.93s,0
143,39.44,3714000,341.7,39,18180,0.01094,   25.10s,0
144,38.76,253700000,205.8,39,18180,0.01094,   21.22s,0
145,39.18,1368000,11990,39,18180,0.01094,   17.52s,0
146,39.15,2237000,1229,39,18180,0.01077,   12.27s,0
147,39.12,21830000,4162,49,76530,0.01008,   8.04s,0
148,38.66,18590000,10.9,49,76530,0.01008,   4.38s,0
149,38.52,64170000,39.06,43,17660,0.01074,   0.00s,0
150,39.35,36670000,17.96,37,11850,0.01044,   1.75m,0
151,40.56,3286000000,484.2,37,11850,0.01044,   1.59m,0
152,40.46,97530000,38.76,53,38510,0.01023,   1.69m,0
153,41.73,551600000,904.7,37,11850,0.01044,   1.36m,0
154,38.33,1871000,1666,37,11850,0.01044,   1.34m,0
155,40.74,189400000,753.3,37,11850,0.01044,   1.33m,0
156,39.93,2107000,26.82,43,16860,0.0103,   1.33m,0
157,39.51,4676000000000,1256,93,33420000,0.01037,   1.30m,0
158,40.04,9864000,143.1,37,11850,0.01044,   1.13m,0
159,41.25,22760000,56.17,47,18450,0.01035,   58.62s,0
160,39.82,365600000,19.74,51,21620,0.01038,   58.10s,0
161,39.34,268900000000,132.9,51,21620,0.01034,   53.71s,0
162,38.44,43350000000,119.2,53,31650,0.01038,   53.90s,0
163,40.39,1587000,204.3,97,30090000,0.01027,   51.12s,0
164,40.63,9050000000,521200,53,35870,0.01029,   46.92s,0
165,39.69,18010000000,684500,55,38510,0.009774,   38.62s,0
166,39.49,5000000,33.19,55,38510,0.009774,   33.53s,0
167,39.2,82470000,12.48,55,38510,0.009774,   30.31s,0
168,38.84,7742000,14.08,55,42740,0.0103,   24.92s,0
169,36.83,883300,31680,37,11850,0.01041,   20.71s,0
170,37.14,7863000,1570,37,11850,0.01041,   16.96s,0
171,36.53,9844000,1779,53,29010,0.0103,   12.68s,0
172,37.28,16840000,48.52,53,29010,0.01014,   8.92s,0
173,37.91,86650000,408.8,63,261300,0.01028,   4.61s,0
174,37.98,827400,30.97,51,37980,0.01029,   0.00s,0
175,36.04,73140000000000,5741,51,19500,0.01038,   1.69m,0
176,39.95,1871000,10.3,51,20560,0.01031,   1.74m,0
177,38.17,3091000,14.68,51,20560,0.01031,   1.56m,0
178,39.59,38440000,203.7,55,43790,0.01013,   1.55m,0
179,38.34,5849000,9.136,55,43790,0.01013,   1.43m,0
180,39.55,49820000,3139000,85,97550000,0.01021,   1.39m,0
181,38.16,65550000,881.7,93,213800000,0.01018,   1.18m,0
182,39.37,7408000,163.9,45,31120,0.01034,   1.24m,0
183,36.9,1006000,19600000,37,11850,0.01041,   1.11m,0
184,35.46,22090000,84680,41,28550,0.01031,   1.10m,0
185,36.04,7028000,9.402,41,28550,0.01031,   1.01m,0
186,37.31,44010000,18.69,41,28550,0.01031,   54.68s,0
187,38.04,147500000,14.05,41,28550,0.01031,   50.51s,0
188,35.56,1849000,27.84,41,28550,0.01022,   41.96s,0
189,37.22,1037000000,2428000,41,28550,0.01022,   40.27s,0
190,37.14,30730000,295,41,28550,0.01022,   45.74s,0
191,36.16,2689000000000,527.9,41,28550,0.01022,   34.27s,0
192,36.9,10390000,570.6,37,11850,0.01041,   31.55s,0
193,38.17,1768000000,204100,37,11850,0.01041,   26.62s,0
194,35.92,5250000,1029,37,11850,0.01041,   21.52s,0
195,37.37,79000000,170.4,41,28550,0.01031,   17.87s,0
196,37.01,32770000,117.3,41,28550,0.01031,   12.56s,0
197,36.82,10150000,5245,41,28550,0.01031,   8.76s,0
198,35.81,1199000,4.618,41,28550,0.01031,   4.31s,0
199,36.27,1839000,94.3,41,28550,0.01031,   0.00s,0
200,36.49,2687000,2106,41,28550,0.01031,   1.69m,0
201,37.08,840000,13.16,41,28550,0.01022,   1.67m,0
202,35.81,929900,13.8,41,28550,0.01022,   1.57m,0
203,36.23,8150000,14880,41,28550,0.01022,   1.51m,0
204,36.73,1205000,540.4,41,28550,0.01022,   1.49m,0
205,36.3,498200000,546.1,41,28550,0.01022,   1.38m,0
206,37.09,5.54E+019,749.7,41,28550,0.01022,   1.41m,0
207,36.53,2856000000,2963,41,28550,0.01022,   1.35m,0
208,38.1,128000000,25090,41,28550,0.01022,   1.29m,0
209,37.3,1814000,71.12,41,28550,0.01022,   1.04m,0
210,38.67,20420000,1167000,43,48870,0.0101,   1.07m,0
211,38.91,1680000,1851,41,28550,0.01022,   53.79s,0
212,38.23,17380000000,1755,41,28550,0.01017,   52.66s,0
213,38.5,1424000,25380,41,28550,0.01017,   52.94s,0
214,39.45,789500000,15280,41,28550,0.01017,   45.40s,0
215,37.77,12100000,8333,41,28550,0.01017,   38.60s,0
216,38.55,77200000,403.1,41,28550,0.01017,   39.53s,0
217,38.52,40200000,18670,41,28550,0.01017,   36.86s,0
218,38.09,1327000,109.6,41,28550,0.01006,   27.09s,0
219,37.81,487400000,3706,41,28550,0.01006,   22.08s,0
220,37.55,7874000000,454.6,41,28550,0.01006,   18.11s,0
221,39.9,81680000,2919,41,28550,0.01006,   13.31s,0
222,37.99,50700000,1321,41,28550,0.01006,   8.94s,0
223,37.87,1014000,480.7,41,28550,0.01006,   4.55s,0
224,38.63,1541000,37.95,41,28550,0.01006,   0.00s,0
225,39.8,745800000,177.3,41,28550,0.01004,   1.98m,0
226,38.8,1553000,32510,41,28550,0.01004,   1.96m,0
227,38.51,249400000000,341.1,41,28550,0.01004,   1.84m,0
228,39.69,117500000,7977,41,28550,0.01004,   1.57m,0
229,38.27,2317000,3320,41,28550,0.01004,   1.52m,0
230,37.34,1553000,15.02,41,28550,0.01004,   1.40m,0
231,37.87,2381000,36.45,41,28550,0.01004,   1.15m,0
232,37.19,4627000,41.25,47,35810,0.009874,   1.20m,0
233,38.1,394800000,3903,41,28550,0.01004,   1.13m,0
234,37.68,2129000,13.4,41,28550,0.01004,   1.09m,0
235,38.67,1428000,14.8,41,28550,0.01004,   59.67s,0
236,36.78,1441000,2130,41,28550,0.01004,   55.58s,0
237,38.65,132300000,30.43,41,28550,0.01004,   56.86s,0
238,38.27,2111000,35.11,41,28550,0.01004,   51.93s,0
239,36.24,25000000000,2851,41,28550,0.01004,   39.24s,0
240,38.05,1143000000,2703,41,28550,0.01004,   40.64s,0
241,38.04,14530000,29.22,41,28550,0.01004,   34.02s,0
242,37.34,1000000,888.2,41,28550,0.01004,   32.57s,0
243,37.74,2779000,7097,41,28550,0.01004,   30.96s,0
244,38.33,2104000,11000,41,28550,0.01004,   23.11s,0
245,36.59,1210000,30.94,41,28550,0.01004,   16.90s,0
246,36.65,943000,20.41,41,28550,0.01004,   13.53s,0
247,37.1,2425000,18.24,41,28550,0.01004,   8.11s,0
248,36.92,9131000,10.41,41,28550,0.01004,   4.40s,0
249,36.4,1388000000,129.8,41,28550,0.01004,   0.00s,0
250,37.28,907200,20.41,41,28550,0.01004,   1.77m,0
251,38.17,1175000,32.38,41,28550,0.01004,   1.68m,0
252,37.21,763100000,77.7,41,28550,0.01004,   1.57m,0
253,36.45,7026000000,16.86,41,28550,0.01004,   1.55m,0
254,38.06,8601000,832.1,41,28550,0.01004,   1.47m,0
255,36.98,6914000000,104500,41,28550,0.01004,   1.39m,0
256,38.44,2977000,17630,41,28550,0.01004,   1.31m,0
257,37.59,3064000000,3303,41,28550,0.01004,   1.33m,0
258,38.43,5205000000,106700,43,51780,0.009977,   1.15m,0
259,39.01,1573000000,181.3,41,28550,0.01004,   1.10m,0
260,37.33,1778000,20.69,41,28550,0.01004,   58.13s,0
261,36.74,1699000,996900,41,28550,0.01002,   53.51s,0
262,38.6,534400000,272.2,43,48870,0.009841,   52.42s,0
263,38.66,67350000,2458,43,48870,0.009841,   52.45s,0
264,38.16,33700000,9.719,43,48870,0.009841,   43.65s,0
265,37.89,2280000,12.64,43,48870,0.009841,   36.72s,0
266,37.76,2279000,55.62,43,48870,0.009841,   37.06s,0
267,38.2,2029000,1753,43,48870,0.009837,   30.94s,0
268,38.14,52740000,3362,43,48870,0.009795,   25.53s,0
269,39.06,95850000,21110,43,48870,0.009795,   21.68s,0
270,38.22,465000000,13.81,43,48870,0.009795,   16.08s,0
271,38.87,3063000,63.87,43,48870,0.009795,   13.67s,0
272,40.45,83540000,1297,43,48870,0.009795,   8.92s,0
273,37.97,2702000,403600,43,48870,0.009795,   4.34s,0
274,38.54,769500000,28.17,43,48870,0.009795,   0.00s,0
275,39.7,80440000,61.02,43,48870,0.009795,   2.01m,0
276,39.38,60040000,86.16,43,48870,0.009795,   1.68m,0
277,39.25,2429000,20.7,43,48870,0.009795,   1.62m,0
278,39.68,2956000000,915.6,43,48870,0.009795,   1.55m,0
279,37.81,6464000,668.3,43,48870,0.009795,   1.37m,0
280,37.28,6840000,130000,43,48870,0.009795,   1.35m,0
281,37.92,28340000,179.9,43,48870,0.009795,   1.35m,0
282,37.75,2470000,4160,43,48870,0.009795,   1.27m,0
283,37.82,3189000,11240000,43,48870,0.009795,   1.19m,0
284,38.19,261100000,57.06,41,28550,0.009451,   1.11m,0
285,38.12,6847000000,115.2,41,28550,0.009451,   1.05m,0
286,38.59,7073000000,239900,41,28550,0.009451,   56.90s,0
287,39.13,74710000,444,41,28550,0.009451,   53.74s,0
288,37.47,301300000000000,7896,41,28550,0.009451,   46.65s,0
289,38.28,593500000000000,26660,41,28550,0.009451,   43.35s,0
290,38.3,10820000000000,16580,41,28550,0.009451,   44.19s,0
291,38.08,3736000,178,41,28550,0.009451,   38.82s,0
292,38.28,46040000,4.979,41,28550,0.009451,   30.66s,0
293,38.83,154000000,63580,41,28550,0.009451,   26.08s,0
294,39.13,3774000,394.1,41,28550,0.009451,   22.42s,0
295,38.15,756200000,18.92,41,28550,0.009451,   17.39s,0
296,38.86,906100000,340,41,28550,0.009451,   13.44s,0
297,37.15,1266000,2250,41,28550,0.009451,   9.09s,0
298,38.43,3508000,939.7,41,28550,0.009451,   4.30s,0
299,38.36,11420000,1275,41,28550,0.009451,   0.00s,0
300,37.84,27910000,825.7,41,28550,0.009451,   1.79m,0
301,37.56,50740000,1824,41,28550,0.009451,   1.77m,0
302,37.94,1358000,643.6,41,28550,0.009451,   1.74m,0
303,38.26,7272000,95.18,41,28550,0.009451,   1.52m,0
304,37.64,1850000,32070,41,28550,0.009451,   1.42m,0
305,37.74,3306000,14.04,41,28550,0.009451,   1.37m,0
306,37.63,4029000,1103000,41,28550,0.009451,   1.35m,0
307,38.24,2180000,22.16,41,28550,0.009451,   1.24m,0
308,37.73,2507000,56.04,41,28550,0.009451,   1.17m,0
309,38.66,1887000,193.8,41,28550,0.009451,   1.08m,0
310,37.89,21350000,543.8,41,28550,0.009451,   1.01m,0
311,37.15,5198000,18.59,41,28550,0.009451,   52.62s,0
312,38.09,11720000,52210000000,41,28550,0.009451,   54.29s,0
313,36.75,38090000,1815,41,28550,0.009451,   47.11s,0
314,38.04,967900000,1818,41,28550,0.009451,   44.78s,0
315,37.38,56620000,230.9,41,28550,0.009451,   37.52s,0
316,37.23,4158000,332.4,41,28550,0.009451,   35.53s,0
317,37.56,14370000,343.9,41,28550,0.009451,   32.01s,0
318,37.64,7895000000,34.13,41,28550,0.009451,   27.65s,0
319,39.25,837300000,25.39,41,28550,0.009451,   22.35s,0
320,38.74,19430000,489700,41,28550,0.009451,   16.18s,0
321,40.3,24390000000000,115.4,41,28550,0.009451,   14.74s,0
322,40.34,1866000000,102300,41,28550,0.009451,   8.56s,0
323,39.58,127900000,26.97,41,28550,0.009451,   4.38s,0
324,38.48,464600000,330.1,41,28550,0.009451,   0.00s,0
325,38.91,10050000,36.04,41,28550,0.009451,   1.69m,0
326,39.91,559900000000,79.62,41,28550,0.009451,   1.70m,0
327,40.41,31590000,129.2,41,28550,0.009451,   1.74m,0
328,39.39,67410000,23460,41,28550,0.009451,   1.53m,0
329,39.49,11120000,103.1,41,28550,0.009451,   1.46m,0
330,39.48,4914000,115.9,41,28550,0.009451,   1.30m,0
331,38.49,7447000,25.86,41,28550,0.009451,   1.32m,0
332,38.9,5585000,36.14,41,28550,0.009451,   1.26m,0
333,38.87,98610000,1788,41,28550,0.009451,   1.18m,0
334,37.89,1185000000,60.94,41,28550,0.009451,   1.12m,0
335,38.07,6827000,235.1,41,28550,0.009451,   1.03m,0
336,38.07,58460000,10620,41,28550,0.009451,   1.02m,0
337,38.45,1888000,33380,41,28550,0.009451,   56.41s,0
338,38.77,2448000,11540,41,28550,0.009451,   49.54s,0
339,36.29,2053000,83.51,41,28550,0.009451,   41.76s,0
340,39.28,2077000,43.78,41,28550,0.009451,   40.55s,0
341,38.13,1698000,75.86,41,28550,0.009451,   33.01s,0
342,38.12,3913000000,355.9,41,28550,0.009451,   31.49s,0
343,37.04,206500000,9.164,41,28550,0.009451,   24.69s,0
344,37.24,7650000,714,41,28550,0.009451,   22.52s,0
345,37.25,15990000,62.86,41,28550,0.009451,   18.41s,0
346,38.12,20440000000,25510,41,28550,0.009451,   13.28s,0
347,38.6,1005000000000,433.9,41,28550,0.009451,   8.81s,0
348,39.25,75270000,8.383,41,28550,0.009451,   4.45s,0
349,39.23,25560000,2737,41,28550,0.009451,   0.00s,0
350,36.93,86220000,15.61,41,28550,0.009451,   1.71m,0
351,38.26,3822000,2735,41,28550,0.009451,   1.68m,0
352,37.96,82830000,234.3,41,28550,0.009451,   1.58m,0
353,37.74,10360000,593.5,41,28550,0.009451,   1.48m,0
354,37.45,2166000,351,41,28550,0.009451,   1.48m,0
355,36.85,172100000,1170,45,93890,0.009433,   1.40m,0
356,35.97,15320000,405.4,41,28550,0.009451,   1.32m,0
357,37.55,832200000,316.6,41,28550,0.009451,   1.25m,0
358,36.96,13460000,17640,41,28550,0.009451,   1.16m,0
359,37.54,12290000,44.2,41,28550,0.009451,   1.13m,0
360,37.97,1793000,19.85,41,28550,0.009451,   59.79s,0
361,37.4,23220000,47.34,41,28550,0.009451,   56.02s,0
362,36.98,47070000,1060,41,28550,0.009451,   52.09s,0
363,37.26,32300000,3062,41,28550,0.009451,   48.87s,0
364,37.65,54240000000,352.8,41,28550,0.009451,   45.75s,0
365,39.62,3837000000,381.8,41,28550,0.009451,   41.54s,0
366,37.67,1961000,8339,41,28550,0.009451,   33.16s,0
367,37.23,20430000,8.708,41,28550,0.009451,   30.45s,0
368,36.6,457900000,45710,41,28550,0.009451,   26.14s,0
369,37.44,67360000000,8.318,41,28550,0.009451,   22.91s,0
370,37.91,39320000,57310,41,28550,0.009451,   18.17s,0
371,38.67,1182000,255.4,41,28550,0.009451,   13.13s,0
372,38.8,4446000,120.3,41,28550,0.009451,   8.41s,0
373,38.2,5545000,124,41,28550,0.009451,   4.57s,0
374,37.76,2886000,1105,41,28550,0.009451,   0.00s,0
375,37.42,11010000,40820,41,28550,0.009451,   1.78m,0
376,38.11,2143000,12730,41,28550,0.009451,   1.80m,0
377,38.59,30360000,213.6,41,28550,0.009451,   1.64m,0
378,37.87,2001000,1170,41,28550,0.009451,   1.57m,0
379,37.26,7651000,18120,41,28550,0.009451,   1.39m,0
380,37.76,228300000,19.28,41,28550,0.009451,   1.55m,0
381,38.27,2008000,3933,41,28550,0.009451,   1.54m,0
382,37.75,11870000,149.1,41,28550,0.009451,   1.33m,0
383,37.83,16520000,157.8,41,28550,0.009451,   1.23m,0
384,37.02,4986000,94.09,41,28550,0.009451,   1.22m,0
385,38.52,1913000000,519.8,41,28550,0.009451,   1.06m,0
386,37.95,523400000,24.41,41,28550,0.009451,   54.87s,0
387,37.2,105500000000,62.28,41,28550,0.009451,   52.57s,0
388,36.02,92360000,19.19,41,28550,0.009451,   50.17s,0
389,37.56,8843000,34.91,41,28550,0.009451,   47.54s,0
390,36.49,185400000,1663000,41,28550,0.009451,   44.30s,0
391,35.97,2020000,233.1,41,28550,0.009448,   38.84s,0
392,36.33,9010000,938.7,41,28550,0.009448,   35.03s,0
393,36.41,41310000,10.03,41,28550,0.009448,   32.08s,0
394,36.44,8137000,34.92,41,28550,0.009448,   25.71s,0
395,36.63,2678000000000,4611,41,28550,0.009448,   17.88s,0
396,36.28,999100,170.9,41,28550,0.009448,   13.69s,0
397,36.75,12280000000,3326,41,28550,0.009448,   8.42s,0
398,36.15,1247000,10960,41,28550,0.009448,   4.49s,0
399,37.02,6908000,181.6,41,28550,0.009448,   0.00s,0
400,35.94,12120000,748.2,41,28550,0.009448,   1.82m,0
401,36.27,813400,7.784,41,28550,0.009448,   1.75m,0
402,36.28,11640000,17.96,41,28550,0.009448,   1.63m,0
403,34.65,179900,306.6,41,28550,0.009448,   1.71m,0
404,36.16,742200,11010,41,28550,0.009448,   1.64m,0
405,35.09,316400000,113500,41,28550,0.009448,   1.33m,0
406,35.49,1891000,28280,41,28550,0.009448,   1.42m,0
407,36.11,26240000,52.43,41,28550,0.009448,   1.28m,0
408,35.51,309600,10.33,41,28550,0.009448,   1.35m,0
409,36.09,611300,216.4,41,28550,0.009448,   1.11m,0
410,36.16,514400,51.69,41,28550,0.009448,   57.85s,0
411,34.71,687700000,8137,41,28550,0.009448,   58.71s,0
412,35.8,732600000,153300,41,28550,0.009448,   50.35s,0
413,35.01,564800,2868,41,28550,0.009448,   50.17s,0
414,35.56,12620000,451.4,41,28550,0.009448,   42.67s,0
415,36.07,1988000,257,41,28550,0.009448,   37.21s,0
416,35.23,144400000,26.82,41,28550,0.009448,   36.02s,0
417,36.05,17720000,226.8,41,28550,0.009448,   35.66s,0
418,35.51,22140000000,4098,41,28550,0.009448,   25.71s,0
419,36.27,15900000,39.66,41,28550,0.009448,   22.68s,0
420,36.91,1898000000,3214,41,28550,0.009448,   18.85s,0
421,36.14,3443000,36920,41,28550,0.009448,   14.82s,0
422,35.38,566900,33.61,41,28550,0.009448,   8.96s,0
423,35.84,410500,961.3,41,28550,0.009448,   4.37s,0
424,36.55,72380000000000,38.17,41,28550,0.009448,   0.00s,0
425,36.47,26460000,728.7,41,28550,0.009448,   1.62m,0
426,35.56,25870000,18.95,41,28550,0.009448,   1.65m,0
427,35.27,5976000,364.8,41,28550,0.009448,   1.56m,0
428,36.22,1019000,268,41,28550,0.009448,   1.56m,0
429,36.73,1167000,120.5,41,28550,0.009448,   1.46m,0
430,36.29,539900000,7553,41,28550,0.009448,   1.49m,0
431,37.04,449400000,3066,41,28550,0.009448,   1.42m,0
432,36.02,721700,225.7,41,28550,0.009448,   1.40m,0
433,36.05,1016000,695,41,28550,0.009448,   1.20m,0
434,36.02,429000,202.1,41,28550,0.009448,   1.24m,0
435,37.29,37510000,32.75,41,28550,0.009448,   1.23m,0
436,35.51,63350000,376,41,28550,0.009448,   55.97s,0
437,37.12,4716000,5276,41,28550,0.009448,   57.02s,0
438,36.17,1046000,27.32,41,28550,0.009448,   51.50s,0
439,37.05,2354000,13010,41,28550,0.009448,   46.13s,0
440,37.01,3161000,80.54,41,28550,0.009448,   43.61s,0
441,36.08,582600,20.98,41,28550,0.009448,   39.96s,0
442,35.66,2584000,1932,41,28550,0.009448,   32.77s,0
443,37.08,37390000000,19.41,41,28550,0.009448,   32.05s,0
444,35.83,5169000000000,12780,41,28550,0.009448,   26.38s,0
445,37.12,1.173E+018,39.69,41,28550,0.009448,   20.72s,0
446,36.28,2326000,16.19,41,28550,0.009448,   13.59s,0
447,35.97,547000,130.3,41,28550,0.009448,   10.18s,0
448,35.26,3992000,64.78,41,28550,0.009448,   4.77s,0
449,36.36,1828000,12.4,41,28550,0.009448,   0.00s,0
450,35.78,379800,3842,41,28550,0.009448,   1.97m,0
451,35.59,70890000,581200000,41,28550,0.009448,   1.82m,0
452,34.44,7653000,2605,41,28550,0.009448,   1.67m,0
453,34.79,5240000,8.838,41,28550,0.009448,   1.57m,0
454,36.32,913100,41.06,41,28550,0.009448,   1.55m,0
455,36.97,25230000000000,9685,41,28550,0.009448,   1.41m,0
456,36.51,859500,27560,41,28550,0.009448,   1.34m,0
457,35.61,428500,123.5,41,28550,0.009448,   1.22m,0
458,35.57,113400000,15.32,41,28550,0.009448,   1.21m,0
459,37.17,404900,1465,41,28550,0.009448,   1.10m,0
460,35.35,933200,8596,41,28550,0.009448,   1.00m,0
461,35.94,248900000,849000,41,28550,0.009448,   1.00m,0
462,35.92,473500,41.69,41,28550,0.009448,   51.84s,0
463,35.98,40610000,392.7,41,28550,0.009448,   48.31s,0
464,36.84,467500,28.41,41,28550,0.009448,   42.11s,0
465,35.55,392600,61.72,41,28550,0.009448,   43.61s,0
466,35.48,1326000,47.47,41,28550,0.009448,   35.78s,0
467,34.5,11720000,155.1,41,28550,0.009448,   32.63s,0
468,35.49,10480000,3504,41,17610,0.009417,   28.85s,0
469,34.73,821800,1671,41,17610,0.009417,   22.80s,0
470,36.99,1776000,190,41,17610,0.009417,   18.50s,0
471,36.5,620900,82.16,41,17610,0.009417,   13.56s,0
472,36.4,1755000,344.5,41,17610,0.009417,   8.31s,0
473,35.68,522700,26.88,41,17610,0.009417,   5.18s,0
474,35.97,813100000,35.94,41,17610,0.009417,   0.00s,0
475,35.77,2363000,375,41,17610,0.009417,   1.99m,0
476,36.13,608100,10.45,41,17610,0.009417,   2.02m,0
477,35.11,428400,744.9,41,17610,0.009417,   1.85m,0
478,36.72,3179000,2861,41,17610,0.009417,   1.83m,0
479,36.41,27040000,19.41,41,17610,0.009417,   1.71m,0
480,36.31,684500,16.85,41,17610,0.009417,   1.56m,0
481,35.77,636800,4.26,41,17610,0.009417,   1.33m,0
482,35.34,2320000,1264,41,17610,0.009417,   1.30m,0
483,36.24,139400000,31.78,41,17610,0.009417,   1.20m,0
484,35.8,1898000,351.3,41,17610,0.009417,   1.11m,0
485,35.56,925800,96.11,41,17610,0.009417,   1.01m,0
486,35.22,1052000000,14110,41,17610,0.009417,   1.12m,0
487,36.15,33950000000000,2228000,41,17610,0.009417,   1.06m,0
488,35.08,739900,428.4,41,17610,0.009417,   53.39s,0
489,34.52,512100,5.334,41,17610,0.009417,   48.19s,0
490,35.6,517400,85.01,41,17610,0.009417,   45.70s,0
491,34.92,47830000000,14430000000,41,17610,0.009417,   37.32s,0
492,36.05,23580000,172.9,41,17610,0.009417,   30.98s,0
493,36.38,1773000,302.7,41,17610,0.009417,   26.17s,0
494,34.8,1009000,683.1,41,17610,0.009417,   21.78s,0
495,36.09,782400,85.14,41,17610,0.009417,   17.45s,0
496,35.08,13730000000,29.62,41,17610,0.009417,   13.78s,0
497,35.34,588500,132,41,17610,0.009417,   8.59s,0
498,35.63,356300,101.2,41,17610,0.009417,   4.58s,0
499,35.24,1344000,10.78,41,17610,0.009417,   0.00s,0
500,35.03,560500,434500,41,17610,0.009417,   1.75m,0
501,35.1,1865000,715.3,41,17610,0.009417,   1.69m,0
502,35.49,1076000,19.85,41,17610,0.009417,   1.71m,0
503,35.17,254400,115.6,41,17610,0.009417,   1.56m,0
504,34.59,18260000,8.064,41,17610,0.009417,   1.46m,0
505,35,49260000000,8.311,41,17610,0.009417,   1.48m,0
506,36.46,167800000,5873,41,17610,0.009417,   1.30m,0
507,35.36,413100,809300,41,17610,0.009417,   1.22m,0
508,35.6,48470000,332900,41,17610,0.009417,   1.20m,0
509,35.67,387700,157.9,41,17610,0.009417,   1.18m,0
510,35.69,1124000,3527,41,17610,0.009417,   1.02m,0
511,36.39,18490000,10760000,41,17610,0.009417,   56.21s,0
512,35.07,6104000,938.3,41,17610,0.009417,   49.85s,0
513,36.22,121700000,277.5,41,17610,0.009417,   50.37s,0
514,35.43,344600,129.6,41,17610,0.009417,   51.12s,0
515,35.87,557000,2396000,41,17610,0.009417,   36.99s,0
516,36.22,1475000,22.76,41,17610,0.009417,   36.82s,0
517,35.65,259000,12.12,41,17610,0.009417,   31.23s,0
518,36.83,3387000,1105,41,17610,0.009417,   26.91s,0
519,36.48,2372000,79.58,41,17610,0.009417,   23.88s,0
520,35.7,274100,86.74,41,17610,0.009417,   17.10s,0
521,35.27,34600000,726.4,41,17610,0.009417,   13.60s,0
522,35.44,594500,345.3,41,17610,0.009417,   9.00s,0
523,36.62,3013000,510.3,41,17610,0.009417,   4.54s,0
524,34.66,2350000,77160000,41,17610,0.009417,   0.00s,0
525,35.43,6981000,158.1,41,17610,0.009417,   1.70m,0
526,35.86,545400,43160,41,17610,0.009417,   1.67m,0
527,35.65,476900000,3102000,41,17610,0.009417,   1.58m,0
528,35.6,301300,399.9,41,17610,0.009417,   1.49m,0
529,35.8,366000,796.1,41,17610,0.009417,   1.45m,0
530,36.4,241400,24.93,41,17610,0.009417,   1.41m,0
531,35.53,1059000,58740,41,17610,0.009417,   1.23m,0
532,35.73,527900000,16.98,41,17610,0.009417,   1.33m,0
533,35.31,289600,30.57,41,17610,0.009417,   1.19m,0
534,35.3,4918000,37.47,41,17610,0.009417,   1.16m,0
535,35.33,2129000,7.272,41,17610,0.009417,   1.13m,0
536,35.51,399100,3555,41,17610,0.009417,   59.24s,0
537,34.96,378400,671.8,41,17610,0.009417,   52.07s,0
538,35.59,1345000000,929700,41,17610,0.009417,   43.33s,0
539,35.72,46450000000000,1334,41,17610,0.009417,   40.26s,0
540,34.82,190700,94.56,41,17610,0.009417,   38.93s,0
541,35.21,3818000,12.98,41,17610,0.009417,   34.58s,0
542,34.78,191100,7635,41,17610,0.009417,   32.21s,0
543,35.27,230400,3467,41,17610,0.009417,   25.77s,0
544,35.65,1353000000,562.6,41,17610,0.009417,   21.71s,0
545,35.41,275500,23.11,41,17610,0.009417,   18.78s,0
546,34.6,113200000,89.91,41,17610,0.009417,   14.27s,0
547,36.51,207400000,1557,41,17610,0.009417,   9.83s,0
548,34.95,48590000,8365000,41,17610,0.009417,   4.03s,0
549,36.76,2410000,20.51,41,17610,0.009417,   0.00s,0
550,35.99,1.251E+016,356.9,41,17610,0.009417,   1.83m,0
551,36.45,64460000,53.36,41,17610,0.009417,   1.67m,0
552,36.34,1010000,13.61,41,17610,0.009417,   1.64m,0
553,35.36,437400,8294,41,17610,0.009417,   1.51m,0
554,35.76,9625000000000,1668,41,17610,0.009417,   1.54m,0
555,33.84,352300,55.09,41,17610,0.009417,   1.36m,0
556,35.85,141500000,3026,41,17610,0.009417,   1.33m,0
557,34.88,182700,227.3,41,17610,0.009417,   1.41m,0
558,35.24,795400,3141,41,17610,0.009417,   1.30m,0
559,35.82,534400,100.4,41,17610,0.009417,   1.24m,0
560,35.65,27310000,309.2,41,17610,0.009417,   1.06m,0
561,34.67,11120000,16.55,41,17610,0.009417,   1.01m,0
562,35.08,627700000,6929,41,17610,0.009417,   57.51s,0
563,34.58,18970000,4451,41,17610,0.009417,   56.25s,0
564,34.67,12980000,136.9,41,17610,0.009417,   51.82s,0
565,34.25,208600,6.806,41,17610,0.009417,   46.78s,0
566,35.9,575700000,1191,41,17610,0.009417,   36.20s,0
567,35.62,105500000,155.3,41,17610,0.009417,   29.94s,0
568,35.29,550200,248.8,41,17610,0.009417,   26.79s,0
569,34.97,212200,109.9,41,17610,0.009417,   22.07s,0
570,35.34,4256000,674800,41,17610,0.009417,   19.72s,0
571,35.41,24690000000,67.13,41,17610,0.009417,   14.79s,0
572,35.41,1523000,57300,41,17610,0.009417,   10.65s,0
573,35.72,40140000000,7.896,41,17610,0.009417,   4.83s,0
574,35.3,17700000,42680,41,17610,0.009417,   0.00s,0
575,36,4785000,143.1,41,17610,0.009396,   1.95m,0
576,35.51,486100,171.8,41,17610,0.009391,   1.87m,0
577,36.41,41650000000000,105,41,17610,0.009391,   1.83m,0
578,36.52,1126000,26.55,41,17610,0.009381,   1.74m,0
579,36.49,837300,1073,41,17610,0.009381,   1.74m,0
580,34.35,257600,55.98,41,17610,0.009381,   1.37m,0
581,35.53,550000,34.32,41,17610,0.009381,   1.36m,0
582,36.35,721000,127400,41,17610,0.009381,   1.30m,0
583,35.77,870700,31.26,41,17610,0.009381,   1.14m,0
584,35.34,55370000,15.86,41,17610,0.009381,   1.18m,0
585,35.44,146000000,113.4,41,17610,0.009381,   58.50s,0
586,36.17,22560000000,4462,41,17610,0.009381,   57.51s,0
587,34.38,328300,196.2,41,17610,0.009381,   49.72s,0
588,35.52,317100000,8.721,41,17610,0.009381,   50.16s,0
589,34.7,5247000,26.89,45,53610,0.009332,   40.41s,0
590,36.2,332100,67.13,41,17610,0.009381,   43.37s,0
591,35.75,12430000,1331,41,17610,0.009381,   36.87s,0
592,36.42,316900000000,479.9,41,17610,0.009381,   35.73s,0
593,36.49,4101000,401.8,41,17610,0.009381,   30.96s,0
594,35.93,2109000,4484,41,17610,0.009381,   24.58s,0
595,37.19,1816000,112.6,41,17610,0.009381,   21.28s,0
596,37.41,259800000,16660,41,17610,0.009381,   14.77s,0
597,35.89,3412000000,1100,41,17610,0.009381,   9.47s,0
598,35.29,136800000,1971,41,17610,0.009381,   4.86s,0
599,35.39,2776000,339.8,41,17610,0.009381,   0.00s,0
600,34.8,121100000,83.46,41,17610,0.009381,   1.92m,0
601,35.2,248100,18.3,41,17610,0.009381,   1.78m,0
602,34.49,667900,189.8,41,17610,0.009381,   1.65m,0
603,35.42,376000000,223,41,17610,0.009381,   1.63m,0
604,35.86,78840000,117800,41,17610,0.009381,   1.77m,0
605,35.92,308700,122.3,41,17610,0.009381,   1.64m,0
606,35.74,15010000,47660,41,17610,0.009381,   1.52m,0
607,34.04,2161000,7773,41,17610,0.009381,   1.39m,0
608,35.87,554600,22.78,41,17610,0.009381,   1.38m,0
609,33.91,376700,1072,41,17610,0.009381,   1.19m,0
610,34.06,2650000,348.6,41,17610,0.009381,   1.18m,0
611,35.16,1145000,12690,41,17610,0.009365,   1.06m,0
612,34.64,329100,3276,41,17610,0.009365,   54.86s,0
613,34.7,187100,890.1,41,17610,0.009365,   59.04s,0
614,35.66,2241000,58.26,41,17610,0.009365,   42.08s,0
615,35.68,2151000,168.7,41,17610,0.009365,   42.19s,0
616,35.74,1108000,36.68,41,17610,0.009365,   34.28s,0
617,36.05,10260000,30.52,41,17610,0.009365,   27.77s,0
618,35.25,246600,171.8,41,17610,0.009365,   27.02s,0
619,35.12,55060000,8188,41,17610,0.009365,   21.72s,0
620,35.56,5978000000000000,295.7,41,17610,0.009365,   17.75s,0
621,35.99,4166000,13050,41,17610,0.009365,   13.18s,0
622,36.03,2790000000000,4899000,41,17610,0.009365,   8.81s,0
623,36.05,2065000,11.32,41,17610,0.009365,   5.05s,0
624,35.92,759500,236.4,43,20420,0.009334,   0.00s,0
625,36.01,12030000000,2560,43,20420,0.009334,   1.76m,0
626,36.14,4048000000000,6.688,41,17610,0.009365,   1.68m,0
627,36.41,2670000,6.652,41,17610,0.009365,   1.61m,0
628,35.24,6433000,28370,41,17610,0.009365,   1.51m,0
629,35.38,30050000,16030,41,17610,0.009365,   1.69m,0
630,36.51,142600000000,925.4,41,17610,0.009365,   1.44m,0
631,35.62,837000,22.47,41,17610,0.009365,   1.47m,0
632,35.86,2203000000000,11210,41,17610,0.009365,   1.34m,0
633,36.9,1880000,1059,41,17610,0.009365,   1.42m,0
634,36.45,576700,8.961,41,17610,0.009365,   1.27m,0
635,37.02,588700,26.03,41,17610,0.009365,   1.15m,0
636,37.12,2380000,106.2,41,17610,0.009365,   1.12m,0
637,36.7,4840000,26060,41,17610,0.009365,   54.70s,0
638,37.08,97550000,8032,41,17610,0.009365,   52.30s,0
639,37.3,15780000,1026,41,17610,0.009365,   46.51s,0
640,36.21,2569000,38.98,41,17610,0.009365,   39.47s,0
641,35.83,771400,31.66,41,17610,0.009365,   41.00s,0
642,35.88,486000,597.9,41,17610,0.009365,   36.16s,0
643,36.22,3180000,11.9,41,17610,0.009365,   31.02s,0
644,36.12,9150000,859.1,41,17610,0.009365,   22.95s,0
645,35.51,849100,10.88,41,17610,0.009365,   17.96s,0
646,34.26,233700,9.42,41,17610,0.009365,   13.39s,0
647,36.27,8111000,46.76,41,17610,0.009365,   10.53s,0
648,35.97,653300,17.85,41,17610,0.009365,   4.62s,0
649,36.09,2972000,103.2,41,17610,0.009365,   0.00s,0
650,34.43,4967000,88.35,41,17610,0.009365,   1.93m,0
651,37.2,289700000000000,2415000,41,17610,0.009365,   1.72m,0
652,36.31,635600000,328.4,41,17610,0.009365,   1.78m,0
653,35.45,200000000,549000,41,17610,0.009365,   1.79m,0
654,35.55,508900,17810000,41,17610,0.009365,   1.41m,0
655,36.59,1035000,2697,41,17610,0.009365,   1.34m,0
656,37.28,7745000,496.8,41,17610,0.009365,   1.35m,0
657,36.85,935100,23.52,41,17610,0.009365,   1.35m,0
658,36.23,7107000,530.6,41,17610,0.009365,   1.13m,0
659,35.95,835700,1760,41,17610,0.009365,   1.09m,0
660,36.62,29570000,350.7,41,17610,0.009365,   1.00m,0
661,37.64,1698000,532.2,41,17610,0.009365,   57.68s,0
662,37.06,62530000,106400,41,17610,0.009365,   59.03s,0
663,36.83,832500000,145.1,41,17610,0.009344,   48.91s,0
664,37.49,71660000000000,4434,41,17610,0.009344,   44.54s,0
665,35.28,2353000,146.8,41,17610,0.009344,   36.00s,0
666,37.31,1120000,373.4,41,17610,0.009344,   37.29s,0
667,36.42,577100,5810,41,17610,0.009344,   31.44s,0
668,37.14,66870000000000,417.2,41,17610,0.009344,   28.44s,0
669,36.89,4038000,19.37,41,17610,0.009344,   23.15s,0
670,35.32,4920000,25.53,41,17610,0.009344,   16.67s,0
671,36.39,1463000,13.92,41,17610,0.009344,   14.31s,0
672,37.15,1243000,949.7,41,17610,0.009344,   8.91s,0
673,37.03,10200000,2254,41,17610,0.009344,   4.30s,0
674,37.07,776000,232.8,41,17610,0.009343,   0.00s,0
675,38.55,328400000000,4393,41,17610,0.009343,   1.73m,0
676,37.7,325800000,21.71,41,17610,0.009343,   1.65m,0
677,38.11,32530000,503.6,41,17610,0.009343,   1.48m,0
678,37.68,4661000,226.5,41,17610,0.009343,   1.45m,0
679,37.48,1802000,1035,41,17610,0.009343,   1.56m,0
680,37.53,982400000000,214.1,41,17610,0.009343,   1.70m,0
681,37.15,1163000,171000,41,17610,0.009316,   1.44m,0
682,38.04,24690000,9.789,41,17610,0.009316,   1.43m,0
683,39.2,4020000,213000,41,17610,0.009316,   1.29m,0
684,39.62,1305000000,823.4,41,17610,0.009316,   58.58s,0
685,38.57,326500000,2413,41,17610,0.009316,   58.78s,0
686,38.76,4077000,366,41,17610,0.009316,   56.09s,0
687,39.31,61400000,205800,41,17610,0.009316,   46.14s,0
688,38.43,5479000,1289,41,17610,0.009316,   47.12s,0
689,38.61,1861000000,3037,41,17610,0.009316,   40.37s,0
690,38.19,63620000,2560,41,17610,0.009316,   37.86s,0
691,38.97,140300000,31.28,41,17610,0.009316,   32.88s,0
692,39.07,8947000,1315,41,17610,0.009316,   28.85s,0
693,38.85,8476000000,622.8,41,17610,0.009316,   25.27s,0
694,37.83,6655000,1306,41,17610,0.009316,   21.04s,0
695,37.95,12230000,328.4,41,17610,0.009316,   17.26s,0
696,38.55,14790000,772.8,43,21830,0.009181,   11.92s,0
697,39.37,1973000,1886,41,17610,0.009316,   8.78s,0
698,38.64,486500000,1085,41,17610,0.009316,   4.26s,0
699,37.44,47080000,162600000,41,17610,0.009316,   0.00s,0
700,36.92,112500000,235.6,41,17610,0.009316,   1.79m,0
701,38.84,1092000000,292.2,41,17610,0.009316,   1.77m,0
702,38.95,11340000000,250.4,41,17610,0.009316,   1.56m,0
703,38.61,64350000,188,41,17610,0.009316,   1.48m,0
704,38.86,280200000,191000,41,17610,0.009316,   1.45m,0
705,38.22,7052000,39.67,41,17610,0.009316,   1.62m,0
706,38.41,72020000,5.394,41,17610,0.009316,   1.49m,0
707,37.63,363200000,2709,41,17610,0.009316,   1.38m,0
708,38.06,9380000,196.6,41,17610,0.009316,   1.29m,0
709,38.59,73810000,10310,41,17610,0.009316,   1.18m,0
710,38.37,1745000,53.06,41,17610,0.009316,   1.14m,0
711,38.21,1417000,75.86,41,17610,0.009316,   59.70s,0
712,37.68,3771000,286.3,41,17610,0.009316,   49.60s,0
713,37.55,1075000,54.44,41,17610,0.009316,   46.95s,0
714,37.53,1924000,6893,41,17610,0.009316,   42.59s,0
715,37.03,3156000,127.8,41,17610,0.009296,   38.71s,0
716,37.26,1502000,60.23,41,17610,0.009296,   34.74s,0
717,38.24,921800,196.6,41,17610,0.009296,   27.75s,0
718,38.49,15120000,144.4,41,17610,0.009296,   23.74s,0
719,38.16,1475000,10.83,41,17610,0.009296,   21.86s,0
720,38.07,2072000,56970000,41,17610,0.009242,   16.44s,0
721,38.66,11200000,10050,41,17610,0.009242,   13.41s,0
722,38.95,43190000,1892,41,17610,0.009242,   8.43s,0
723,39.37,52020000,56.48,53,22980,0.009064,   4.00s,0
724,37.91,1477000,6301,55,25710,0.008996,   0.00s,0
725,39.63,70170000,62.99,55,25710,0.009018,   1.71m,0
726,40.51,37390000,258.3,61,40760,0.009043,   1.59m,0
727,39.55,5034000,274.3,61,40760,0.009045,   1.46m,0
728,39.62,54610000,330.3,57,28450,0.008973,   1.63m,0
729,39.92,66280000,10.45,85,3566000,0.008952,   1.55m,0
730,39.5,440800000,410.3,119,1593000000,0.008945,   1.25m,0
731,40.17,14090000,109500,53,40080,0.00889,   1.42m,0
732,40.06,11410000,434.6,53,40080,0.00889,   1.46m,0
733,39.48,1828000000,31170,49,18870,0.008936,   1.08m,0
734,41.19,102400000,4201,51,21610,0.009009,   1.08m,0
735,40.65,19640000,49.76,61,50340,0.00907,   1.12m,0
736,40.52,3158000,712600,61,80090,0.008962,   57.89s,0
737,40.19,15440000,230.4,61,50340,0.008992,   50.35s,0
738,41.4,9778000000,2419,59,39390,0.008985,   45.84s,0
739,41.34,11570000000,287.3,101,74120000,0.008908,   42.22s,0
740,41.1,2521000,55.79,91,11810000,0.008918,   38.34s,0
741,41.36,60290000,33.45,57,28450,0.008851,   36.08s,0
742,41.33,950200000000,1022,57,28450,0.008851,   31.49s,0
743,39.54,12660000,67.07,57,28450,0.008851,   29.27s,0
744,39.73,35420000,4395,41,17610,0.009242,   24.46s,0
745,38.54,2657000,15.44,49,71220,0.009208,   19.05s,0
746,40.11,8138000,1287,75,18480000,0.009164,   14.82s,0
747,39.91,26750000000000,24290,41,17610,0.009242,   9.21s,0
748,39.15,1102000000,11.44,41,17610,0.009242,   4.41s,0
749,40.87,18000000,454.7,41,17610,0.009242,   0.00s,0
750,39.26,3903000,117.9,41,17610,0.009242,   1.75m,0
751,38.22,8180000,43.24,41,17610,0.009242,   1.60m,0
752,38.66,24770000,1118,41,17610,0.009242,   1.58m,0
753,39.03,129400000,4044000,41,17610,0.009242,   1.29m,0
754,37.84,37900000,945.2,47,140500,0.009039,   1.51m,0
755,39.29,7720000,5520000,47,140500,0.009039,   1.48m,0
756,40.24,38200000000,518500,47,140500,0.009039,   1.35m,0
757,40.71,183900000,36.65,41,17610,0.009242,   1.34m,0
758,39.1,2084000000,11,41,17610,0.009242,   1.26m,0
759,39.12,238500000,61180000,41,17610,0.009242,   1.15m,0
760,39.19,21660000,797.1,41,17610,0.009242,   1.10m,0
761,39.57,10540000,220.3,41,17610,0.009242,   55.87s,0
762,39.66,272400000,304.8,41,17610,0.009242,   53.61s,0
763,39.23,67260000,250.9,41,17610,0.009242,   45.20s,0
764,40.39,2624000000,104.9,41,17610,0.009242,   42.41s,0
765,39.31,1177000000,128.4,41,17610,0.009233,   40.12s,0
766,39.58,21680000,40810000,41,17610,0.009233,   32.85s,0
767,39.35,601700000,2166,41,17610,0.009233,   28.08s,0
768,39.12,353200000,3876,41,17610,0.009233,   26.54s,0
769,38.54,38590000000,11000,41,17610,0.009233,   18.63s,0
770,39.4,6836000000,5148,41,17610,0.009233,   18.34s,0
771,39.55,764200000,155.9,41,17610,0.009233,   12.56s,0
772,40.52,175200000,292,41,17610,0.009233,   8.05s,0
773,40.05,40730000,447.8,41,17610,0.009233,   4.21s,0
774,40.14,315200000000000,261.5,41,17610,0.009233,   0.00s,0
775,39.34,2257000000000,32690,41,17610,0.009233,   1.75m,0
776,39.07,64530000,76.03,41,17610,0.009233,   1.63m,0
777,39.78,13950000,1086,41,17610,0.009233,   1.53m,0
778,42.44,379700000,722.2,41,17610,0.009233,   1.76m,0
779,41.58,49800000,2343000000,41,17610,0.009233,   1.40m,0
780,41.18,57490000,564.8,41,17610,0.009233,   1.21m,0
781,42.93,148800000,16.01,41,17610,0.009233,   1.28m,0
782,41.6,13750000,2037,41,17610,0.009233,   1.11m,0
783,41.43,57630000,241.2,41,17610,0.009233,   1.05m,0
784,41.55,139400000,673.2,41,17610,0.009233,   1.04m,0
785,39.63,1309000000000,4414,41,17610,0.009233,   55.17s,0
786,42.21,38490000000,234.1,41,17610,0.009233,   55.39s,0
787,41.38,20360000,3079,41,17610,0.009233,   48.38s,0
788,41.06,6234000000000,196,41,17610,0.009233,   43.21s,0
789,41.39,129100000,1306,41,17610,0.009233,   41.93s,0
790,41.06,29850000,15240,41,17610,0.009233,   37.68s,0
791,41.02,7187000,8.621,41,17610,0.009233,   34.85s,0
792,40.16,712400000,39.61,39,6709,0.008924,   28.33s,0
793,41.32,2978000,9.841,39,6709,0.008924,   25.56s,0
794,41.41,97950000,2433,39,6709,0.008924,   22.53s,0
795,41.62,15550000,178.6,39,6709,0.008924,   17.24s,0
796,40.69,2057000000,7320,39,6709,0.008924,   12.50s,0
797,39.87,60160000,308.4,39,6709,0.008924,   9.77s,0
798,37.87,21930000,1855,39,6709,0.008924,   4.59s,0
799,37.26,427100000,33.22,39,6709,0.008924,   0.00s,0
800,38.24,1.568E+019,16.55,39,6709,0.008849,   2.10m,0
801,36.99,1516000000,17.73,39,6709,0.008849,   1.70m,0
802,36.74,1141000,6768,39,6709,0.008849,   1.63m,0
803,36.4,1293000,1296000,39,6709,0.008849,   1.46m,0
804,37.03,2992000,356500,39,6709,0.008849,   1.37m,0
805,37.35,1458000,359.4,39,6709,0.008838,   1.29m,0
806,38.7,9055000,142.5,39,6709,0.008838,   1.28m,0
807,36.81,4163000,1049000,39,6709,0.008838,   1.15m,0
808,37.01,2083000,7.865,39,6709,0.008838,   1.10m,0
809,37.37,304000000,45.14,39,6709,0.008838,   1.14m,0
810,36.31,3322000,710.8,39,6709,0.008838,   1.13m,0
811,37.42,14840000000000,96.52,39,6709,0.008838,   55.52s,0
812,35.63,27110000,103900,39,6709,0.008838,   59.32s,0
813,35.68,2526000,173.6,39,6709,0.008838,   55.17s,0
814,35.89,1406000,70.96,39,6709,0.008838,   49.93s,0
815,36.8,10410000,91.56,39,6709,0.008838,   46.32s,0
816,36.39,981800,19.11,39,6709,0.008838,   36.66s,0
817,36.2,1433000,15.92,39,6709,0.008838,   34.89s,0
818,38.07,2572000,8135,39,6709,0.008838,   28.34s,0
819,38.27,41090000,62130,39,6709,0.008838,   21.97s,0
820,38.07,32050000,3401000,39,6709,0.008838,   17.59s,0
821,38.01,14730000,104.7,39,6709,0.008838,   12.41s,0
822,38.35,7940000,401.8,39,6709,0.008838,   8.40s,0
823,37.68,7637000,849.4,39,6709,0.008838,   4.07s,0
824,37.74,28480000,100.2,39,6709,0.008838,   0.00s,0
825,38.09,2418000,12.52,39,6709,0.008838,   1.69m,0
826,37.38,908500000,5887,39,6709,0.008838,   1.44m,0
827,36.98,1706000,13.55,39,6709,0.008838,   1.49m,0
828,37.27,2378000,626.4,39,6709,0.008838,   1.48m,0
829,38.55,3258000,22.86,39,6709,0.008838,   1.43m,0
830,38.77,123100000,80.93,39,6709,0.008838,   1.31m,0
831,38.81,14260000,10.53,39,6709,0.008838,   1.17m,0
832,36.84,4504000000,4649,39,6709,0.008838,   1.15m,0
833,38.87,1953000,333.8,39,6709,0.008838,   1.14m,0
834,37.36,143400000,426.6,39,6709,0.008838,   56.67s,0
835,37.01,4167000,40.29,39,6709,0.008838,   57.04s,0
836,37.49,359500000000000,2384,39,6709,0.008838,   52.58s,0
837,36.75,2369000,8727,39,6709,0.008838,   47.88s,0
838,38.15,13740000,15870,39,6709,0.008838,   46.11s,0
839,37.77,13660000,14.34,39,6709,0.008838,   39.49s,0
840,38.46,201300000000,55.55,39,6709,0.008838,   36.72s,0
841,36.86,3493000,173.5,39,6709,0.008838,   31.44s,0
842,36.23,7320000,4385,39,6709,0.008838,   36.23s,0
843,37.26,68720000000,417,39,6709,0.008838,   30.00s,0
844,36.75,23420000,654.8,39,6709,0.008838,   24.78s,0
845,35.97,1706000,6385,39,6709,0.008838,   18.44s,0
846,37.94,9359000,220.1,39,6709,0.008838,   13.00s,0
847,36.28,9150000,161.3,39,6709,0.008838,   8.66s,0
848,36.88,118400000000,632.6,39,6709,0.008838,   4.43s,0
849,36.2,706400,29.51,39,6709,0.008838,   0.00s,0
850,37.03,6590000,8.941,39,6709,0.008838,   1.56m,0
851,36.9,7551000000000000,33.85,39,6709,0.008838,   1.58m,0
852,38.11,806200000,9491,39,6709,0.008838,   1.60m,0
853,38.05,28870000,230.5,39,6709,0.008838,   1.48m,0
854,38.66,18650000,1167,39,6709,0.008825,   1.45m,0
855,38.92,23570000,3507,39,6709,0.008825,   1.25m,0
856,37.64,5200000,301,39,6709,0.008825,   1.46m,0
857,38.7,105500000,203.6,39,6709,0.008825,   1.21m,0
858,38.62,5871000,55.09,39,6709,0.008825,   1.17m,0
859,38.77,5683000,75.43,39,6709,0.008825,   1.11m,0
860,39.91,47200000,22.46,39,6709,0.008825,   1.12m,0
861,36.98,4575000,10.32,45,19340,0.008782,   53.43s,0
862,40.12,6349000,36.47,45,23560,0.00874,   55.67s,0
863,38.3,526600000,2544,45,23560,0.00874,   40.92s,0
864,39.28,30120000,21590,45,23560,0.00874,   46.74s,0
865,38.21,193500000,84300,45,23560,0.00874,   36.05s,0
866,38.6,1219000000,3626,69,1957000,0.008809,   33.36s,0
867,38.55,3527000,2059,73,6304000,0.008807,   30.23s,0
868,38.55,58680000,134.4,39,6709,0.008825,   25.13s,0
869,39.55,60230000,204.6,47,44620,0.008711,   22.15s,0
870,36.5,1478000,7506,47,44620,0.008711,   17.03s,0
871,39.96,250800000,220.5,47,44620,0.008711,   12.58s,0
872,38.08,101100000000000,480.4,47,44620,0.008711,   8.89s,0
873,38.27,8072000,5321,39,6709,0.008825,   4.83s,0
874,38.91,1989000000,3558,87,327400000,0.008819,   0.00s,0
875,38.42,2362000,16.51,39,6709,0.008825,   1.69m,0
876,37.77,2439000,18010,45,27770,0.008759,   1.67m,0
877,38.75,59010000,130.3,45,27770,0.008759,   1.61m,0
878,38.69,11210000,26.85,45,27770,0.008759,   1.41m,0
879,39.2,2009000,24380,45,15130,0.008754,   1.48m,0
880,38.47,8927000,1257,45,27770,0.008759,   1.40m,0
881,39.74,76710000,1819,45,27770,0.008759,   1.49m,0
882,38.32,3389000,224.9,43,27070,0.008793,   1.25m,0
883,39.59,4381000,376.7,43,27070,0.008793,   1.08m,0
884,38.59,1576000000,249.3,43,27070,0.008793,   1.04m,0
885,35.95,196900000,762.7,39,6709,0.008825,   1.03m,0
886,37.95,3528000,31.29,39,6709,0.008825,   1.02m,0
887,37.75,20280000,918.9,39,6709,0.008825,   45.87s,0
888,37.83,865100,72.47,39,6709,0.008825,   48.06s,0
889,38.13,283300000,796.4,39,6709,0.008825,   39.24s,0
890,36.7,1869000,10420,39,6709,0.008825,   33.68s,0
891,38.85,33290000,47.78,71,7454000,0.008797,   34.76s,0
892,38.26,7788000,83670,39,6709,0.008825,   27.45s,0
893,36.62,1314000,25.49,39,6709,0.008825,   23.52s,0
894,40.02,60840000,73.1,39,6709,0.008825,   22.09s,0
895,38.31,672400000,16.58,39,6709,0.008825,   15.42s,0
896,37.42,224900000000000,50.71,39,6709,0.008825,   11.68s,0
897,39.02,25850000,35.11,45,23560,0.008757,   8.25s,0
898,40.08,5173000,35.91,45,23560,0.008757,   4.20s,0
899,38.16,2081000000,40430,45,23560,0.008757,   0.00s,0
900,38.78,1927000,14960,45,23560,0.008757,   1.74m,0
901,38.95,4249000000,326,39,6709,0.008825,   1.51m,0
902,39.66,4029000,19900,45,27770,0.008759,   1.47m,0
903,38.63,1296000000000,47.62,39,6709,0.008825,   1.50m,0
904,39.55,109200000,151.7,39,6709,0.008825,   1.33m,0
905,38.9,22500000,15040,39,6709,0.008825,   1.32m,0
906,37.64,15970000,17.85,39,6709,0.008825,   1.17m,0
907,39.46,3337000000,1389,39,6709,0.008825,   1.17m,0
908,39.03,104900000,421.2,39,6709,0.008825,   1.08m,0
909,37.95,17440000,215.6,47,61460,0.008678,   1.02m,0
910,39.08,70420000,21740,39,6709,0.008825,   1.16m,0
911,37.97,54020000000000,30.81,39,6709,0.008825,   57.88s,0
912,39.01,1730000,847.8,39,6709,0.008825,   56.11s,0
913,39.48,18280000,279.1,39,6709,0.008825,   51.30s,0
914,38.92,4141000,21.82,39,6709,0.008825,   41.43s,0
915,38.95,4624000,801.9,39,6709,0.008825,   35.93s,0
916,39.52,74540000,19.96,39,6709,0.008825,   36.00s,0
917,38.65,670500000,760.6,39,6709,0.008825,   32.02s,0
918,40.24,707500000,44.62,39,6709,0.008825,   28.42s,0
919,40.54,3514000,4305000,39,6709,0.008825,   19.37s,0
920,38.94,18360000,174.3,39,6709,0.008825,   15.52s,0
921,38.14,1438000,10.13,39,6709,0.008825,   12.15s,0
922,39.22,7281000,11070,39,6709,0.008825,   8.23s,0
923,38.51,233200000,886.6,39,6709,0.008825,   4.03s,0
924,38.7,29030000,3986,39,6709,0.008825,   0.00s,0
925,39.03,6306000,12.89,53,155500,0.008809,   1.64m,0
926,38.49,28800000,192.6,39,6709,0.008825,   1.38m,0
927,38.58,2945000000,9.835,45,23560,0.008722,   1.49m,0
928,38.48,15620000,2680,39,6709,0.008825,   1.49m,0
929,38.16,89050000,46.36,39,6709,0.008825,   1.37m,0
930,38.66,6373000,58.81,45,19340,0.008774,   1.30m,0
931,39.97,5029000000,107.8,39,6709,0.008825,   1.31m,0
932,40.42,4386000000,87.86,47,61460,0.008706,   1.20m,0
933,40.13,8576000,58.57,39,6709,0.008825,   1.04m,0
934,39.59,5354000,20180,39,6709,0.008825,   1.07m,0
935,38.84,31850000,13.58,57,4004000,0.008763,   1.08m,0
936,40.59,5889000000,433,61,5369000,0.008754,   1.05m,0
937,41.2,48640000000000,223.5,39,6709,0.008825,   49.00s,0
938,42.23,99730000,93.72,39,6709,0.008825,   49.07s,0
939,38.87,47400000,59320,47,23560,0.008767,   37.38s,0
940,43,19170000,366.9,57,409700,0.008733,   45.93s,0
941,41.32,43070000,8692,57,399800,0.008679,   38.15s,0
942,40.77,61060000,96.56,39,6709,0.008824,   34.14s,0
943,41.63,3720000,73980,39,6709,0.008824,   27.57s,0
944,41.05,711200000,8627000,39,6709,0.008824,   20.85s,0
945,39.22,2645000,21.9,39,6709,0.008824,   19.84s,0
946,38.15,373700000,3178,39,6709,0.008824,   13.03s,0
947,39.6,5307000,67.14,39,6709,0.008824,   8.73s,0
948,38.48,68770000,234,39,6709,0.008824,   3.76s,0
949,38.07,773500,130.2,39,6709,0.008824,   0.00s,0
950,38.74,2993000,23.9,39,6709,0.008824,   1.58m,0
951,38.14,4078000,3062,39,6709,0.008824,   1.57m,0
952,41.48,64430000,70.66,59,2113000,0.008714,   1.68m,0
953,38.57,5465000,13980,39,6709,0.008824,   1.36m,0
954,39.26,104400000,29720,39,6709,0.008824,   1.27m,0
955,39.98,8273000,84.61,39,6709,0.008824,   1.24m,0
956,38.53,1298000,4392,39,6709,0.008824,   1.25m,0
957,38.2,310700000000000,251,39,6709,0.008824,   1.06m,0
958,39.56,11270000,18.26,39,6709,0.008824,   1.17m,0
959,41.33,26110000,1359,39,6709,0.008824,   1.04m,0
960,41.74,26120000,44.73,39,6709,0.008824,   57.36s,0
961,41.45,12200000,62240,39,6709,0.008824,   53.15s,0
962,39.09,195000000,22.5,49,78310,0.008793,   46.10s,0
963,40.08,252200000000,126,39,6709,0.008824,   49.39s,0
964,41.97,157000000,3444,39,6709,0.008824,   44.00s,0
965,39.89,75440000000,745.3,39,6709,0.008824,   33.68s,0
966,42.7,18530000,36520,39,6709,0.008824,   34.98s,0
967,42.79,83920000000000,2446,39,6709,0.008824,   24.75s,0
968,40.09,6509000,11070,39,6709,0.008824,   22.60s,0
969,38.83,1566000,49.74,39,6709,0.008824,   21.14s,0
970,39.21,995100,419.6,39,6709,0.008824,   17.96s,0
971,38.55,79370000,19.7,39,6709,0.008824,   11.91s,0
972,40.85,3062000,16350,39,6709,0.008824,   8.23s,0
973,39.49,316000000,37.58,39,6709,0.008824,   3.64s,0
974,38.88,1848000,93.71,45,23560,0.008715,   0.00s,0
975,39.85,20450000,1541,45,23560,0.008715,   1.98m,0
976,39.79,1072000000,1713,39,6709,0.008824,   1.61m,0
977,40.15,15270000,100.4,49,53040,0.008779,   1.58m,0
978,39.53,108800000,9.023,39,6709,0.008824,   1.40m,0
979,41.17,25190000,212.5,49,119000,0.008805,   1.37m,0
980,38.99,12950000,22.14,79,155900000,0.0088,   1.35m,0
981,39.67,101800000,50.97,49,53040,0.008735,   1.18m,0
982,40.9,22480000,234,49,53040,0.008735,   1.15m,0
983,40.24,116300000,72.43,47,44620,0.008707,   1.12m,0
984,39.59,69450000,5338,47,44620,0.008707,   59.22s,0
985,39.95,292000000,4223,71,18800000,0.008813,   1.13m,0
986,38.49,923000000,33.2,39,6709,0.008824,   1.01m,0
987,38.55,2930000,38.02,45,19340,0.008782,   56.35s,0
988,38.29,13130000,50.4,45,19340,0.008782,   50.89s,0
989,37.65,2361000,1421,47,23560,0.008744,   44.76s,0
990,38.27,14940000,35500,79,77950000,0.008675,   38.16s,0
991,40.38,14450000,12.48,89,197600000,0.008742,   36.11s,0
992,38.47,1731000,1978,47,23560,0.008788,   27.95s,0
993,40.26,33070000,12110,45,23560,0.008763,   27.14s,0
994,38.06,1853000,25530,45,23560,0.008763,   22.36s,0
995,41.35,191600000,22.17,45,23560,0.008763,   18.69s,0
996,39.09,2540000,18130,45,27770,0.008759,   11.94s,0
997,38.73,11640000,546,39,6709,0.008824,   8.24s,0
998,38.21,13200000,105.5,39,6709,0.008824,   4.71s,0
999,39.54,28190000,12550000,39,6709,0.008824,   0.00s,0
1000,38.14,64610000,1397,45,23560,0.008715,   1.67m,0
1001,39.49,1508000,342.1,45,23560,0.008715,   1.62m,0
1002,38.91,1121000,9.823,45,23560,0.008726,   1.42m,0
1003,38.68,15280000,9.798,45,23560,0.008726,   1.48m,0
1004,39.98,18110000000,541500,45,23560,0.008726,   1.63m,0
1005,37.67,1114000,78.95,39,6709,0.008824,   1.41m,0
1006,37.37,5697000,12.29,39,6709,0.008824,   1.27m,0
1007,39.18,1353000000,14560,39,6709,0.008824,   1.44m,0
1008,37.9,7530000,15790,39,6709,0.008824,   1.06m,0
1009,38.78,43900000,251.2,39,6709,0.008824,   1.04m,0
1010,37.75,5229000,4250000,39,6709,0.008824,   56.19s,0
1011,37.12,24540000000,659200000,39,6709,0.008824,   53.60s,0
1012,38.69,7314000,5994,39,6709,0.008824,   49.95s,0
1013,38.56,17580000,3438,39,6709,0.008824,   43.52s,0
1014,37.12,1983000,42.08,39,6709,0.008824,   43.19s,0
1015,38.26,1281000000,495.8,39,6709,0.008824,   38.75s,0
1016,39.99,11150000000,39.47,39,6709,0.008824,   35.90s,0
1017,38.83,1905000,280.7,39,6709,0.008824,   30.27s,0
1018,38.89,7291000,30.48,39,6709,0.008824,   26.84s,0
1019,38.73,3497000,565.5,39,6709,0.008824,   19.10s,0
1020,39.52,244700000000000,11680000,39,6709,0.008824,   16.93s,0
1021,38.51,22030000,25.5,39,6709,0.008824,   12.68s,0
1022,38.19,156300000,10220,39,6709,0.008824,   8.27s,0
1023,38.48,6320000,740.1,39,6709,0.008824,   4.19s,0
1024,37.83,1506000,1128,39,6709,0.008824,   0.00s,0
1025,38.09,10140000,5936,39,6709,0.008824,   1.63m,0
1026,36.81,3012000,733.3,39,6709,0.008824,   1.45m,0
1027,37.38,3167000,15700,39,6709,0.008824,   1.62m,0
1028,37.14,2153000,185,39,6709,0.008824,   1.38m,0
1029,36.59,904400,3673,39,6709,0.008824,   1.31m,0
1030,37.03,19130000,154.4,39,6709,0.008824,   1.39m,0
1031,38.43,29430000,78.39,39,6709,0.008824,   1.32m,0
1032,36.97,17640000,34.18,39,6709,0.008824,   1.33m,0
1033,36.88,722200000,192.3,39,6709,0.008824,   1.09m,0
1034,39.1,19070000,446.5,39,6709,0.008824,   1.12m,0
1035,38.64,17330000,77.32,39,6709,0.008824,   1.02m,0
1036,37.77,3936000,232.4,39,6709,0.008824,   53.78s,0
1037,38.66,34450000,203100,39,6709,0.008824,   53.97s,0
1038,38.41,5316000,65900,39,6709,0.008824,   46.92s,0
1039,37.29,5406000,90.51,39,6709,0.008824,   46.56s,0
1040,36.41,112800000,37520,39,6709,0.008824,   41.20s,0
1041,35.96,18830000,27510,39,6709,0.008824,   39.33s,0
1042,37.76,1161000,678.1,39,6709,0.008824,   35.07s,0
1043,36.68,875700,56910,39,6709,0.008824,   26.49s,0
1044,37.57,4821000,391.7,39,6709,0.008824,   24.70s,0
1045,36.56,279500000,47.65,39,6709,0.008824,   16.98s,0
1046,37.94,543200,32.81,39,6709,0.008776,   15.73s,0
1047,35.08,364300,8.528,39,6709,0.008776,   8.11s,0
1048,36.5,2729000,296.2,39,6709,0.008776,   5.12s,0
1049,37.53,1430000,386.9,39,6709,0.008776,   0.00s,0
1050,37.65,3676000,135.2,45,23560,0.008726,   1.74m,0
1051,37.61,2314000,8.863,45,19340,0.008773,   1.76m,0
1052,37.66,2337000,30540,39,6709,0.008776,   1.78m,0
1053,38.03,42700000,447,39,6709,0.008776,   1.74m,0
1054,39.76,2407000,57740,39,6709,0.008776,   1.69m,0
1055,37.52,147500000,2235,39,6709,0.008776,   1.50m,0
1056,39.48,352800000000,95.48,39,6709,0.008776,   1.47m,0
1057,38,590000,12.85,45,23560,0.008726,   1.13m,0
1058,37.09,4509000,10.21,45,23560,0.008726,   1.29m,0
1059,38.73,10460000,4028,45,23560,0.008726,   1.19m,0
1060,37.32,50820000,13.24,57,364700,0.008729,   1.02m,0
1061,39.26,3808000,129.4,39,6709,0.008776,   54.44s,0
1062,38.36,14320000,1042,81,34410000,0.008775,   1.01m,0
1063,37.83,352800000,1058,115,11870000000,0.008769,   44.25s,0
1064,37.98,1009000000,1006000,39,6709,0.008776,   40.74s,0
1065,38.94,1868000,159.4,39,6709,0.008776,   39.04s,0
1066,37.46,26460000000,751.6,39,6709,0.008776,   33.07s,0
1067,38.04,1559000,1405,39,6709,0.008776,   28.19s,0
1068,36.57,9021000,7.902,39,6709,0.008775,   24.02s,0
1069,36.85,453900,486.7,39,6709,0.008775,   20.10s,0
1070,37.04,86570000,11890,39,6709,0.008775,   16.89s,0
1071,36.86,35510000000,163600,39,6709,0.008775,   11.62s,0
1072,39.24,182500000,422.4,47,46720,0.008761,   8.74s,0
1073,36.93,2849000,385.7,73,12090000,0.008706,   4.11s,0
1074,38.73,34010000,19.72,53,117900,0.008705,   0.00s,0
1075,39.49,15130000,72,71,9930000,0.008677,   1.89m,0
1076,38.43,54320000,33.87,51,573900,0.008708,   1.81m,0
1077,38.11,4585000000,59160,39,6709,0.008775,   1.78m,0
1078,35.75,22350000,411.5,39,6709,0.008775,   1.63m,0
1079,38.43,3098000000,410400,39,6709,0.008775,   1.60m,0
1080,35.06,16400000000,1765,39,6709,0.008775,   1.41m,0
1081,37.06,2453000,265,39,6709,0.008775,   1.43m,0
1082,35.84,30900000,1756,39,6709,0.008775,   1.31m,0
1083,36.08,1232000,71220,39,6709,0.008775,   1.33m,0
1084,37.27,2942000,31.5,39,6709,0.008775,   1.28m,0
1085,36.49,3304000,18.58,39,6709,0.008775,   1.09m,0
1086,36.86,1236000,73530,39,6709,0.008775,   1.03m,0
1087,36.53,2148000,227.5,39,6709,0.008775,   45.77s,0
1088,37.23,986900,225.3,39,6709,0.008775,   47.05s,0
1089,35.74,910200000000,1758000,39,6709,0.008775,   40.68s,0
1090,36.45,491300,41.93,39,6709,0.008775,   38.50s,0
1091,37.02,4878000,245,39,6709,0.008775,   35.84s,0
1092,36.49,1436000,10.48,39,6709,0.008775,   28.24s,0
1093,36.98,824500,9917,39,6709,0.008775,   26.17s,0
1094,36.52,2585000,22010,39,6709,0.008775,   20.42s,0
1095,36.67,78750000,1242,39,6709,0.008775,   17.79s,0
1096,36.88,11040000,95.21,39,6709,0.008775,   12.97s,0
1097,35.65,267300,60460,39,6709,0.008758,   7.82s,0
1098,36.17,381200,162.1,39,6709,0.008758,   4.49s,0
1099,36.08,210300,1874,39,6709,0.008758,   0.00s,0
1100,36.63,280500000,165.5,39,6709,0.008758,   1.59m,0
1101,35.68,3657000,1395,39,6709,0.008758,   1.96m,0
1102,35.38,589000,25.39,39,6709,0.008758,   1.70m,0
1103,35.64,358100,47.77,39,6709,0.008758,   1.52m,0
1104,35.92,1334000,189.9,39,6709,0.008758,   1.49m,0
1105,35.27,1773000,14390,39,6709,0.008758,   1.44m,0
1106,35.14,219300000,57.22,39,6709,0.008758,   1.51m,0
1107,35.55,974300000,9403,39,6709,0.008758,   1.36m,0
1108,34.11,1541000,159700,39,6709,0.008758,   1.30m,0
1109,34.39,1091000000000,119.1,39,6709,0.008758,   1.24m,0
1110,34.96,6606000000,4590,39,6709,0.008758,   1.17m,0
1111,35.17,2123000,225.5,39,6709,0.008758,   1.01m,0
1112,35.68,2860000,596,39,6709,0.008758,   1.00m,0
1113,35.36,9527000,13.17,39,6709,0.008758,   54.54s,0
1114,35.45,1221000,7.947,39,6709,0.008758,   44.87s,0
1115,36.38,2362000000,130.8,39,6709,0.008758,   40.56s,0
1116,34.77,707000,12580,39,6709,0.008758,   32.56s,0
1117,35.04,40510000,338.5,39,6709,0.008758,   31.45s,0
1118,36.1,436700000000,2044,39,6709,0.008758,   25.35s,0
1119,34.36,1247000,35880,39,6709,0.008758,   20.38s,0
1120,34.37,489200,29000,39,6709,0.008758,   19.36s,0
1121,36.65,360600000000,443.4,39,6709,0.008758,   13.82s,0
1122,37.05,147000000,1639,39,6709,0.008758,   8.53s,0
1123,35.43,716600,18.1,39,6709,0.008758,   4.32s,0
1124,37.18,234800000000,53.61,39,6709,0.008758,   0.00s,0
1125,35.59,6052000,62,39,6709,0.008758,   1.69m,0
1126,36.58,2936000,66.63,39,6709,0.008758,   1.94m,0
1127,38.54,5192000,110.9,39,6709,0.008758,   1.78m,0
1128,36.17,3591000,50.66,39,6709,0.008758,   1.52m,0
1129,38.53,2593000,198.6,39,6709,0.008758,   1.62m,0
1130,36.85,2617000,869.3,39,6709,0.008758,   1.55m,0
1131,36.82,771600,96770000000,39,6709,0.008758,   1.46m,0
1132,37.76,205800000,1180000,39,6709,0.008758,   1.19m,0
1133,37.49,625200,10.83,39,6709,0.008758,   1.14m,0
1134,36.95,3209000,33.43,39,6709,0.008758,   1.04m,0
1135,37.09,1179000000,10800,39,6709,0.008758,   1.10m,0
1136,36.4,10020000,467.2,39,6709,0.008758,   55.87s,0
1137,37.06,29370000,211.4,39,6709,0.008756,   1.03m,0
1138,37.48,1455000,101.3,39,6709,0.008756,   46.03s,0
1139,36.38,11370000,4103,39,6709,0.008756,   40.31s,0
1140,36.2,850900,120.8,39,6709,0.008756,   43.21s,0
1141,37.34,73460000,124.2,39,6709,0.008756,   35.18s,0
1142,37.52,147400000,8.114,39,6709,0.008756,   33.04s,0
1143,37.43,635600000,442.5,59,288900,0.00871,   25.09s,0
1144,39.49,45920000,2115,59,288900,0.00871,   21.93s,0
1145,38.08,9798000,16260,59,326800,0.008741,   15.64s,0
1146,38.16,20120000,169.2,57,238400,0.008719,   12.30s,0
1147,37.12,48350000,33.89,39,6709,0.008756,   8.79s,0
1148,36.38,17360000,254.8,39,6709,0.008756,   4.78s,0
1149,36.19,3652000,377.7,39,6709,0.008756,   0.00s,0
1150,36.58,5739000,9.237,39,6709,0.008756,   1.76m,0
1151,38.07,24890000,41.42,39,6709,0.008756,   1.62m,0
1152,38.54,14370000,705.7,39,6709,0.008756,   1.43m,0
1153,37.2,4886000,65.99,39,6709,0.008756,   1.36m,0
1154,38.66,36580000000,10750,39,6709,0.008756,   1.44m,0
1155,38.76,35860000,693.5,39,6709,0.008756,   1.20m,0
1156,37.65,4623000,683.7,39,6709,0.008756,   1.30m,0
1157,37.99,667200000,101.6,39,6709,0.008756,   1.19m,0
1158,38.49,136800000,51.44,39,6709,0.008756,   1.12m,0
1159,39.1,15750000000,60510,39,6709,0.008756,   1.07m,0
1160,37.95,111700000,775.3,39,6709,0.008756,   1.02m,0
1161,38.01,9535000,12.83,39,6709,0.008756,   56.40s,0
1162,38.56,40350000,125.5,39,6709,0.008756,   52.82s,0
1163,41.57,38160000,69.51,39,6709,0.008756,   48.47s,0
1164,38.9,11380000000,57.89,39,6709,0.008756,   39.99s,0
1165,39.95,28980000,16.95,39,6709,0.008756,   37.84s,0
1166,38.88,9811000,19.15,39,6709,0.008756,   31.93s,0
1167,40.09,4847000,182900,39,6709,0.008756,   28.36s,0
1168,37.16,3175000,497.5,39,6709,0.008756,   23.69s,0
1169,37.56,2462000,6682,39,6709,0.008756,   20.07s,0
1170,38.57,21360000,52.57,39,6709,0.008756,   15.87s,0
1171,36.4,17980000000,55.28,39,6709,0.008756,   11.44s,0
1172,37.55,6615000,545.1,39,6709,0.008756,   8.26s,0
1173,38.14,55710000,25.09,39,6709,0.008756,   4.18s,0
1174,36.53,614300,13060,39,6709,0.008756,   0.00s,0
1175,37.05,654600,40.76,39,6709,0.008756,   1.74m,0
1176,34.56,212600,1242,39,6709,0.008756,   1.46m,0
1177,36.37,422100,268.4,39,6709,0.008756,   1.65m,0
1178,36.77,21340000,622.4,39,6709,0.008756,   1.45m,0
1179,38.09,62890000000,6685000,39,6709,0.008756,   1.65m,0
1180,36.7,38560000,23.34,39,6709,0.008756,   1.55m,0
1181,37.6,3866000,533,39,6709,0.008756,   1.46m,0
1182,35.61,1398000000,34930,39,6709,0.008756,   1.19m,0
1183,38.52,2081000,6877,39,6709,0.008756,   1.20m,0
1184,37.35,2040000,676900,39,6709,0.008756,   1.02m,0
1185,38.49,3173000000,40.15,39,6709,0.008756,   59.59s,0
1186,37.59,95200000,3664,39,6709,0.008756,   50.45s,0
1187,37.78,37060000,13.49,39,6709,0.008756,   49.35s,0
1188,36.77,1405000,1996,55,373500,0.008598,   44.65s,0
1189,35.24,71130000,16600,55,373500,0.008598,   43.63s,0
1190,35.95,1321000,65.33,55,373500,0.008598,   41.32s,0
1191,39.83,72920000,12.77,85,5091000000,0.008624,   33.48s,0
1192,35.52,3784000000,1948,39,6709,0.008756,   29.27s,0
1193,34.87,14910000,70820,39,6709,0.008756,   24.96s,0
1194,37.29,44360000,329.3,39,6709,0.008756,   23.05s,0
1195,35.69,23110000,144.6,43,16540,0.008756,   16.66s,0
1196,36.1,6102000000,6.003,39,6709,0.008756,   12.87s,0
1197,35.91,6025000,20640,39,6709,0.008756,   8.33s,0
1198,38.22,72800000,680.9,43,16540,0.008756,   4.05s,0
1199,35.17,2017000,84.86,39,6709,0.008756,   0.00s,0
1200,35.41,1605000,17.49,39,6709,0.008756,   1.65m,0
1201,37.26,15910000,231.6,39,6709,0.008756,   1.59m,0
1202,35.71,397900,476.4,39,6709,0.008756,   1.47m,0
1203,36.84,750700,26500,39,6709,0.008756,   1.58m,0
1204,36.75,3875000000,2282,39,6709,0.008756,   1.65m,0
1205,38.13,11490000,12.21,39,6709,0.008756,   1.29m,0
1206,36.3,10490000,690.5,39,6709,0.008756,   1.27m,0
1207,37.43,22350000,910.5,39,6709,0.008756,   1.21m,0
1208,36.99,12260000,101,39,6709,0.008756,   1.14m,0
1209,39.1,1889000000,169.2,39,6709,0.008756,   1.08m,0
1210,39.48,109100000,80.86,39,6709,0.008756,   1.04m,0
1211,38.81,11100000,394,39,6709,0.008756,   49.66s,0
1212,39.16,103300000,19.01,39,6709,0.008756,   52.74s,0
1213,38.43,2772000,30.6,39,6709,0.008756,   44.13s,0
1214,37.56,1.564E+016,2007,39,6709,0.008756,   42.62s,0
1215,38.72,8338000,14.62,39,6709,0.008756,   38.30s,0
1216,37.61,15990000,10140,39,6709,0.008756,   32.10s,0
1217,37.85,33800000,129.7,39,6709,0.008756,   31.35s,0
1218,38.34,97830000,30380,39,6709,0.008756,   28.81s,0
1219,36.96,5213000,270.4,39,6709,0.008756,   25.05s,0
1220,37.48,3859000,2888,39,6709,0.008756,   18.77s,0
1221,37.43,6135000,365.5,39,6709,0.008756,   14.47s,0
1222,36.94,3373000,218.6,39,6709,0.008756,   9.91s,0
1223,37.53,6133000,93.35,39,6709,0.008756,   5.17s,0
1224,37.65,2907000,25020,39,6709,0.008756,   0.00s,0
1225,37.63,2636000,14.78,39,6709,0.008756,   1.74m,0
1226,35.39,414400,53.75,39,6709,0.008756,   1.86m,0
1227,36.84,94640000,1151,39,6709,0.008756,   1.90m,0
1228,36.25,1389000000,5686,39,6709,0.008756,   1.66m,0
1229,35.77,251600,213.5,39,6709,0.008756,   1.45m,0
1230,35.36,77950000,48830,39,6709,0.008756,   1.39m,0
1231,35.84,3609000,19.39,39,6709,0.008756,   1.31m,0
1232,34.94,84640000,80.46,39,6709,0.008756,   1.22m,0
1233,35.38,11300000,97550,39,6709,0.008756,   1.16m,0
1234,35.21,2724000,16.18,39,6709,0.008756,   1.04m,0
1235,36.03,1030000,44.01,39,6709,0.008756,   59.27s,0
1236,35.88,66660000,18.66,39,6709,0.008756,   55.48s,0
1237,36.89,343000,18610,39,6709,0.008756,   52.53s,0
1238,36.58,4826000,592.2,39,6709,0.008756,   47.92s,0
1239,36.52,7217000,51.24,39,6709,0.008756,   43.65s,0
1240,36.14,535000,547.7,39,6709,0.008756,   39.41s,0
1241,37.22,3419000,138,39,6709,0.008756,   35.71s,0
1242,36.52,427000,50.98,39,6709,0.008756,   30.79s,0
1243,36.15,48810000,1477,39,6709,0.008756,   25.33s,0
1244,36.99,653300,1033,39,6709,0.008756,   22.11s,0
1245,36.94,256300000,158.2,39,6709,0.008756,   15.83s,0
1246,36.91,1921000000,59.08,39,6709,0.008756,   14.19s,0
1247,36.11,8918000,42.07,39,6709,0.008756,   9.63s,0
1248,38.08,1271000,120.2,39,6709,0.008756,   4.65s,0
1249,36.88,164200000000,18.51,39,6709,0.008756,   0.00s,0
